InventoryId,Store,Brand,Description,Size,SalesQuantity,SalesDollars,SalesPrice,SalesDate,Volume,Classification,ExciseTax,VendorNo,VendorName
1_HARDERSFIELD_1004,1,1004,Jim Beam w/2 Rocks Glasses,750mL,1,16.49,16.49,1/1/2016,750,1,0.79,12546,JIM BEAM BRANDS COMPANY    
1_HARDERSFIELD_1004,1,1004,Jim Beam w/2 Rocks Glasses,750mL,2,32.98,16.49,1/2/2016,750,1,1.57,12546,JIM BEAM BRANDS COMPANY    
1_HARDERSFIELD_1004,1,1004,Jim Beam w/2 Rocks Glasses,750mL,1,16.49,16.49,1/3/2016,750,1,0.79,12546,JIM BEAM BRANDS COMPANY    
1_HARDERSFIELD_1004,1,1004,Jim Beam w/2 Rocks Glasses,750mL,1,14.49,14.49,1/8/2016,750,1,0.79,12546,JIM BEAM BRANDS COMPANY    
1_HARDERSFIELD_1005,1,1005,Maker's Mark Combo Pack,375mL 2 Pk,2,69.98,34.99,1/9/2016,375,1,0.79,12546,JIM BEAM BRANDS COMPANY    
1_HARDERSFIELD_1005,1,1005,Maker's Mark Combo Pack,375mL 2 Pk,1,34.99,34.99,1/15/2016,375,1,0.39,12546,JIM BEAM BRANDS COMPANY    
1_HARDERSFIELD_1005,1,1005,Maker's Mark Combo Pack,375mL 2 Pk,1,34.99,34.99,1/22/2016,375,1,0.39,12546,JIM BEAM BRANDS COMPANY    
1_HARDERSFIELD_1005,1,1005,Maker's Mark Combo Pack,375mL 2 Pk,1,34.99,34.99,1/30/2016,375,1,0.39,12546,JIM BEAM BRANDS COMPANY    
1_HARDERSFIELD_10058,1,10058,F Coppola Dmd Ivry Cab Svgn,750mL,4,59.96,14.99,1/5/2016,750,2,0.45,2000,SOUTHERN WINE & SPIRITS NE 
1_HARDERSFIELD_10058,1,10058,F Coppola Dmd Ivry Cab Svgn,750mL,1,14.99,14.99,1/6/2016,750,2,0.11,2000,SOUTHERN WINE & SPIRITS NE 
1_HARDERSFIELD_10058,1,10058,F Coppola Dmd Ivry Cab Svgn,750mL,1,14.99,14.99,1/8/2016,750,2,0.11,2000,SOUTHERN WINE & SPIRITS NE 
1_HARDERSFIELD_10058,1,10058,F Coppola Dmd Ivry Cab Svgn,750mL,1,14.99,14.99,1/10/2016,750,2,0.11,2000,SOUTHERN WINE & SPIRITS NE 
1_HARDERSFIELD_10058,1,10058,F Coppola Dmd Ivry Cab Svgn,750mL,1,14.99,14.99,1/19/2016,750,2,0.11,2000,SOUTHERN WINE & SPIRITS NE 
1_HARDERSFIELD_10058,1,10058,F Coppola Dmd Ivry Cab Svgn,750mL,3,44.97,14.99,1/22/2016,750,2,0.34,2000,SOUTHERN WINE & SPIRITS NE 
1_HARDERSFIELD_10058,1,10058,F Coppola Dmd Ivry Cab Svgn,750mL,2,29.98,14.99,1/23/2016,750,2,0.22,2000,SOUTHERN WINE & SPIRITS NE 
1_HARDERSFIELD_10058,1,10058,F Coppola Dmd Ivry Cab Svgn,750mL,1,14.99,14.99,1/25/2016,750,2,0.11,2000,SOUTHERN WINE & SPIRITS NE 
1_HARDERSFIELD_10058,1,10058,F Coppola Dmd Ivry Cab Svgn,750mL,1,14.99,14.99,1/29/2016,750,2,0.11,2000,SOUTHERN WINE & SPIRITS NE 
1_HARDERSFIELD_1006,1,1006,Jim Beam Candy Cane 4/50mLs,50mL 4 Pk,1,3.99,3.99,1/29/2016,50,1,0.05,12546,JIM BEAM BRANDS COMPANY    
1_HARDERSFIELD_10062,1,10062,Terroirs du Rhone,750mL,1,8.99,8.99,1/1/2016,750,2,0.11,10754,PERFECTA WINES             
1_HARDERSFIELD_10062,1,10062,Terroirs du Rhone,750mL,1,8.99,8.99,1/2/2016,750,2,0.11,10754,PERFECTA WINES             
1_HARDERSFIELD_10062,1,10062,Terroirs du Rhone,750mL,1,8.99,8.99,1/5/2016,750,2,0.11,10754,PERFECTA WINES             
1_HARDERSFIELD_10062,1,10062,Terroirs du Rhone,750mL,1,8.99,8.99,1/7/2016,750,2,0.11,10754,PERFECTA WINES             
1_HARDERSFIELD_10062,1,10062,Terroirs du Rhone,750mL,3,26.97,8.99,1/9/2016,750,2,0.34,10754,PERFECTA WINES             
1_HARDERSFIELD_10062,1,10062,Terroirs du Rhone,750mL,1,8.99,8.99,1/14/2016,750,2,0.11,10754,PERFECTA WINES             
1_HARDERSFIELD_10062,1,10062,Terroirs du Rhone,750mL,1,8.99,8.99,1/16/2016,750,2,0.11,10754,PERFECTA WINES             
1_HARDERSFIELD_10062,1,10062,Terroirs du Rhone,750mL,1,8.99,8.99,1/18/2016,750,2,0.11,10754,PERFECTA WINES             
1_HARDERSFIELD_10062,1,10062,Terroirs du Rhone,750mL,2,17.98,8.99,1/22/2016,750,2,0.22,10754,PERFECTA WINES             
1_HARDERSFIELD_10062,1,10062,Terroirs du Rhone,750mL,1,8.99,8.99,1/23/2016,750,2,0.11,10754,PERFECTA WINES             
1_HARDERSFIELD_10062,1,10062,Terroirs du Rhone,750mL,3,26.97,8.99,1/24/2016,750,2,0.34,10754,PERFECTA WINES             
1_HARDERSFIELD_10062,1,10062,Terroirs du Rhone,750mL,1,8.99,8.99,1/28/2016,750,2,0.11,10754,PERFECTA WINES             
1_HARDERSFIELD_10062,1,10062,Terroirs du Rhone,750mL,1,8.99,8.99,1/30/2016,750,2,0.11,10754,PERFECTA WINES             
1_HARDERSFIELD_1009,1,1009,Rebel Yell Variety Pack,750mL 3 Pk,1,49.99,49.99,1/2/2016,750,1,0.79,8352,LUXCO INC                  
1_HARDERSFIELD_1012,1,1012,Courvoisier VSOP VAP,750mL,1,34.99,34.99,1/29/2016,750,1,0.79,12546,JIM BEAM BRANDS COMPANY    
1_HARDERSFIELD_1013,1,1013,Kahlua Pumpkin Spice Liqueur,750mL,1,18.99,18.99,1/6/2016,750,1,0.79,17035,PERNOD RICARD USA          
1_HARDERSFIELD_1013,1,1013,Kahlua Pumpkin Spice Liqueur,750mL,1,18.99,18.99,1/29/2016,750,1,0.79,17035,PERNOD RICARD USA          
1_HARDERSFIELD_1019,1,1019,Drambuie Glass Pack,750mL,1,26.99,26.99,1/9/2016,750,1,0.79,3664,WILLIAM GRANT & SONS INC   
1_HARDERSFIELD_1019,1,1019,Drambuie Glass Pack,750mL,1,26.99,26.99,1/20/2016,750,1,0.79,3664,WILLIAM GRANT & SONS INC   
1_HARDERSFIELD_1020,1,1020,B & B Dom VAP,750mL,1,24.99,24.99,1/29/2016,750,1,0.79,480,BACARDI USA INC            
1_HARDERSFIELD_1021,1,1021,St Brendans Peppermint Bark,750mL,12,167.88,13.99,1/29/2016,750,1,9.45,8352,LUXCO INC                  
1_HARDERSFIELD_1022,1,1022,St Brendans Salted Caramel,750mL,1,13.99,13.99,1/30/2016,750,1,0.79,8352,LUXCO INC                  
1_HARDERSFIELD_10236,1,10236,Layer Cake Malbec Mendoza,750mL,1,15.99,15.99,1/6/2016,750,2,0.11,4425,MARTIGNETTI COMPANIES
1_HARDERSFIELD_10236,1,10236,Layer Cake Malbec Mendoza,750mL,1,15.99,15.99,1/9/2016,750,2,0.11,4425,MARTIGNETTI COMPANIES
1_HARDERSFIELD_10236,1,10236,Layer Cake Malbec Mendoza,750mL,1,15.99,15.99,1/12/2016,750,2,0.11,4425,MARTIGNETTI COMPANIES
1_HARDERSFIELD_10236,1,10236,Layer Cake Malbec Mendoza,750mL,1,15.99,15.99,1/14/2016,750,2,0.11,4425,MARTIGNETTI COMPANIES
1_HARDERSFIELD_10236,1,10236,Layer Cake Malbec Mendoza,750mL,1,15.99,15.99,1/16/2016,750,2,0.11,4425,MARTIGNETTI COMPANIES
1_HARDERSFIELD_10236,1,10236,Layer Cake Malbec Mendoza,750mL,2,31.98,15.99,1/19/2016,750,2,0.22,4425,MARTIGNETTI COMPANIES
1_HARDERSFIELD_10236,1,10236,Layer Cake Malbec Mendoza,750mL,1,15.99,15.99,1/22/2016,750,2,0.11,4425,MARTIGNETTI COMPANIES
1_HARDERSFIELD_10236,1,10236,Layer Cake Malbec Mendoza,750mL,2,31.98,15.99,1/23/2016,750,2,0.22,4425,MARTIGNETTI COMPANIES
1_HARDERSFIELD_10236,1,10236,Layer Cake Malbec Mendoza,750mL,1,15.99,15.99,1/28/2016,750,2,0.11,4425,MARTIGNETTI COMPANIES
1_HARDERSFIELD_10238,1,10238,Layer Cake Primitivo Puglia,750mL,2,31.98,15.99,1/2/2016,750,2,0.22,4425,MARTIGNETTI COMPANIES
1_HARDERSFIELD_10238,1,10238,Layer Cake Primitivo Puglia,750mL,2,31.98,15.99,1/6/2016,750,2,0.22,4425,MARTIGNETTI COMPANIES
1_HARDERSFIELD_10238,1,10238,Layer Cake Primitivo Puglia,750mL,2,31.98,15.99,1/9/2016,750,2,0.22,4425,MARTIGNETTI COMPANIES
1_HARDERSFIELD_10238,1,10238,Layer Cake Primitivo Puglia,750mL,4,63.96,15.99,1/12/2016,750,2,0.45,4425,MARTIGNETTI COMPANIES
1_HARDERSFIELD_10238,1,10238,Layer Cake Primitivo Puglia,750mL,3,47.97,15.99,1/14/2016,750,2,0.34,4425,MARTIGNETTI COMPANIES
1_HARDERSFIELD_10238,1,10238,Layer Cake Primitivo Puglia,750mL,2,31.98,15.99,1/15/2016,750,2,0.22,4425,MARTIGNETTI COMPANIES
1_HARDERSFIELD_10238,1,10238,Layer Cake Primitivo Puglia,750mL,4,63.96,15.99,1/16/2016,750,2,0.45,4425,MARTIGNETTI COMPANIES
1_HARDERSFIELD_10238,1,10238,Layer Cake Primitivo Puglia,750mL,1,15.99,15.99,1/19/2016,750,2,0.11,4425,MARTIGNETTI COMPANIES
1_HARDERSFIELD_10238,1,10238,Layer Cake Primitivo Puglia,750mL,6,95.94,15.99,1/22/2016,750,2,0.68,4425,MARTIGNETTI COMPANIES
1_HARDERSFIELD_10238,1,10238,Layer Cake Primitivo Puglia,750mL,1,15.99,15.99,1/29/2016,750,2,0.11,4425,MARTIGNETTI COMPANIES
1_HARDERSFIELD_10239,1,10239,Cannonball Cab Svgn Cal,750mL,1,13.99,13.99,1/2/2016,750,2,0.11,4425,MARTIGNETTI COMPANIES
1_HARDERSFIELD_10239,1,10239,Cannonball Cab Svgn Cal,750mL,1,13.99,13.99,1/4/2016,750,2,0.11,4425,MARTIGNETTI COMPANIES
1_HARDERSFIELD_10239,1,10239,Cannonball Cab Svgn Cal,750mL,1,13.99,13.99,1/7/2016,750,2,0.11,4425,MARTIGNETTI COMPANIES
1_HARDERSFIELD_10239,1,10239,Cannonball Cab Svgn Cal,750mL,10,139.9,13.99,1/9/2016,750,2,1.12,4425,MARTIGNETTI COMPANIES
1_HARDERSFIELD_10239,1,10239,Cannonball Cab Svgn Cal,750mL,1,13.99,13.99,1/16/2016,750,2,0.11,4425,MARTIGNETTI COMPANIES
1_HARDERSFIELD_10239,1,10239,Cannonball Cab Svgn Cal,750mL,1,13.99,13.99,1/19/2016,750,2,0.11,4425,MARTIGNETTI COMPANIES
1_HARDERSFIELD_10239,1,10239,Cannonball Cab Svgn Cal,750mL,4,55.96,13.99,1/22/2016,750,2,0.45,4425,MARTIGNETTI COMPANIES
1_HARDERSFIELD_10239,1,10239,Cannonball Cab Svgn Cal,750mL,2,27.98,13.99,1/23/2016,750,2,0.22,4425,MARTIGNETTI COMPANIES
1_HARDERSFIELD_10239,1,10239,Cannonball Cab Svgn Cal,750mL,1,13.99,13.99,1/29/2016,750,2,0.11,4425,MARTIGNETTI COMPANIES
1_HARDERSFIELD_1024,1,1024,Hennessey VS +VSOP 50mL,750mL,36,1007.64,27.99,1/13/2016,750,1,28.35,8112,MOET HENNESSY USA INC      
1_HARDERSFIELD_10254,1,10254,Beringer Classic Chard,750mL,2,13.98,6.99,1/8/2016,750,2,0.22,9819,TREASURY WINE ESTATES      
1_HARDERSFIELD_10254,1,10254,Beringer Classic Chard,750mL,1,6.99,6.99,1/13/2016,750,2,0.11,9819,TREASURY WINE ESTATES      
1_HARDERSFIELD_10254,1,10254,Beringer Classic Chard,750mL,2,13.98,6.99,1/26/2016,750,2,0.22,9819,TREASURY WINE ESTATES      
1_HARDERSFIELD_10264,1,10264,Fort Ross Pnt Nr Sonoma Cst,750mL,2,59.98,29.99,1/2/2016,750,2,0.22,10754,PERFECTA WINES             
1_HARDERSFIELD_10264,1,10264,Fort Ross Pnt Nr Sonoma Cst,750mL,1,29.99,29.99,1/10/2016,750,2,0.11,10754,PERFECTA WINES             
1_HARDERSFIELD_10264,1,10264,Fort Ross Pnt Nr Sonoma Cst,750mL,6,179.94,29.99,1/13/2016,750,2,0.68,10754,PERFECTA WINES             
1_HARDERSFIELD_10264,1,10264,Fort Ross Pnt Nr Sonoma Cst,750mL,2,59.98,29.99,1/16/2016,750,2,0.22,10754,PERFECTA WINES             
1_HARDERSFIELD_10264,1,10264,Fort Ross Pnt Nr Sonoma Cst,750mL,1,29.99,29.99,1/17/2016,750,2,0.11,10754,PERFECTA WINES             
1_HARDERSFIELD_10266,1,10266,Klinker Brick Old Vine Znfdl,750mL,1,16.99,16.99,1/9/2016,750,2,0.11,9552,M S WALKER INC             
1_HARDERSFIELD_10266,1,10266,Klinker Brick Old Vine Znfdl,750mL,1,16.99,16.99,1/10/2016,750,2,0.11,9552,M S WALKER INC             
1_HARDERSFIELD_10266,1,10266,Klinker Brick Old Vine Znfdl,750mL,1,16.99,16.99,1/15/2016,750,2,0.11,9552,M S WALKER INC             
1_HARDERSFIELD_10266,1,10266,Klinker Brick Old Vine Znfdl,750mL,1,16.99,16.99,1/16/2016,750,2,0.11,9552,M S WALKER INC             
1_HARDERSFIELD_10266,1,10266,Klinker Brick Old Vine Znfdl,750mL,1,16.99,16.99,1/22/2016,750,2,0.11,9552,M S WALKER INC             
1_HARDERSFIELD_10266,1,10266,Klinker Brick Old Vine Znfdl,750mL,2,33.98,16.99,1/23/2016,750,2,0.22,9552,M S WALKER INC             
1_HARDERSFIELD_10266,1,10266,Klinker Brick Old Vine Znfdl,750mL,1,16.99,16.99,1/24/2016,750,2,0.11,9552,M S WALKER INC             
1_HARDERSFIELD_10266,1,10266,Klinker Brick Old Vine Znfdl,750mL,1,16.99,16.99,1/26/2016,750,2,0.11,9552,M S WALKER INC             
1_HARDERSFIELD_10266,1,10266,Klinker Brick Old Vine Znfdl,750mL,1,16.99,16.99,1/29/2016,750,2,0.11,9552,M S WALKER INC             
1_HARDERSFIELD_10266,1,10266,Klinker Brick Old Vine Znfdl,750mL,1,16.99,16.99,1/30/2016,750,2,0.11,9552,M S WALKER INC             
1_HARDERSFIELD_1029,1,1029,Fulton's Harvest Apple Pie L,750mL,1,9.99,9.99,1/3/2016,750,1,0.79,3924,HEAVEN HILL DISTILLERIES   
1_HARDERSFIELD_10296,1,10296,Alamos Slcn Malbec Mendoza,750mL,1,15.99,15.99,1/7/2016,750,2,0.11,3252,E & J GALLO WINERY         
1_HARDERSFIELD_10296,1,10296,Alamos Slcn Malbec Mendoza,750mL,1,15.99,15.99,1/8/2016,750,2,0.11,3252,E & J GALLO WINERY         
1_HARDERSFIELD_10296,1,10296,Alamos Slcn Malbec Mendoza,750mL,2,31.98,15.99,1/16/2016,750,2,0.22,3252,E & J GALLO WINERY         
1_HARDERSFIELD_10296,1,10296,Alamos Slcn Malbec Mendoza,750mL,3,47.97,15.99,1/23/2016,750,2,0.34,3252,E & J GALLO WINERY         
1_HARDERSFIELD_10296,1,10296,Alamos Slcn Malbec Mendoza,750mL,2,31.98,15.99,1/29/2016,750,2,0.22,3252,E & J GALLO WINERY         
1_HARDERSFIELD_1031,1,1031,Avion Tasting Flight 3/375mL,375mL 3 Pk,1,44.99,44.99,1/9/2016,375,1,0.39,17035,PERNOD RICARD USA          
1_HARDERSFIELD_1033,1,1033,Chivas Regal w/ 2 Glasses,750mL,1,29.99,29.99,1/2/2016,750,1,0.79,17035,PERNOD RICARD USA          
1_HARDERSFIELD_1033,1,1033,Chivas Regal w/ 2 Glasses,750mL,1,29.99,29.99,1/3/2016,750,1,0.79,17035,PERNOD RICARD USA          
1_HARDERSFIELD_1035,1,1035,Pinnacle Vodka Gift Pak,750mL + 3/,2,21.98,10.99,1/7/2016,750,1,1.57,12546,JIM BEAM BRANDS COMPANY    
1_HARDERSFIELD_1035,1,1035,Pinnacle Vodka Gift Pak,750mL + 3/,1,10.99,10.99,1/9/2016,750,1,0.79,12546,JIM BEAM BRANDS COMPANY    
1_HARDERSFIELD_1035,1,1035,Pinnacle Vodka Gift Pak,750mL + 3/,1,10.99,10.99,1/10/2016,750,1,0.79,12546,JIM BEAM BRANDS COMPANY    
1_HARDERSFIELD_1036,1,1036,Jameson Trilogy Pack,200mL 3 Pk,2,79.98,39.99,1/4/2016,200,1,0.42,17035,PERNOD RICARD USA          
1_HARDERSFIELD_1036,1,1036,Jameson Trilogy Pack,200mL 3 Pk,1,39.99,39.99,1/8/2016,200,1,0.21,17035,PERNOD RICARD USA          
1_HARDERSFIELD_1036,1,1036,Jameson Trilogy Pack,200mL 3 Pk,1,39.99,39.99,1/22/2016,200,1,0.21,17035,PERNOD RICARD USA          
1_HARDERSFIELD_1036,1,1036,Jameson Trilogy Pack,200mL 3 Pk,1,39.99,39.99,1/23/2016,200,1,0.21,17035,PERNOD RICARD USA          
1_HARDERSFIELD_1037,1,1037,JP Wiser's Rye w/ 2 Glasses,750mL,1,21.99,21.99,1/23/2016,750,1,0.79,17035,PERNOD RICARD USA          
1_HARDERSFIELD_1039,1,1039,Three Olives Vodka w/Flask,750mL,1,12.99,12.99,1/18/2016,750,1,0.79,7245,PROXIMO SPIRITS INC.       
1_HARDERSFIELD_1039,1,1039,Three Olives Vodka w/Flask,750mL,1,12.99,12.99,1/26/2016,750,1,0.79,7245,PROXIMO SPIRITS INC.       
1_HARDERSFIELD_1039,1,1039,Three Olives Vodka w/Flask,750mL,1,12.99,12.99,1/30/2016,750,1,0.79,7245,PROXIMO SPIRITS INC.       
1_HARDERSFIELD_10420,1,10420,Barefoot Moscato Cal,750mL,2,12.58,6.29,1/6/2016,750,2,0.22,3252,E & J GALLO WINERY         
1_HARDERSFIELD_10420,1,10420,Barefoot Moscato Cal,750mL,2,12.58,6.29,1/7/2016,750,2,0.22,3252,E & J GALLO WINERY         
1_HARDERSFIELD_10420,1,10420,Barefoot Moscato Cal,750mL,1,6.29,6.29,1/15/2016,750,2,0.11,3252,E & J GALLO WINERY         
1_HARDERSFIELD_10420,1,10420,Barefoot Moscato Cal,750mL,1,6.29,6.29,1/21/2016,750,2,0.11,3252,E & J GALLO WINERY         
1_HARDERSFIELD_10420,1,10420,Barefoot Moscato Cal,750mL,2,12.58,6.29,1/22/2016,750,2,0.22,3252,E & J GALLO WINERY         
1_HARDERSFIELD_10420,1,10420,Barefoot Moscato Cal,750mL,1,6.29,6.29,1/23/2016,750,2,0.11,3252,E & J GALLO WINERY         
1_HARDERSFIELD_10420,1,10420,Barefoot Moscato Cal,750mL,1,6.29,6.29,1/27/2016,750,2,0.11,3252,E & J GALLO WINERY         
1_HARDERSFIELD_10420,1,10420,Barefoot Moscato Cal,750mL,2,12.58,6.29,1/29/2016,750,2,0.22,3252,E & J GALLO WINERY         
1_HARDERSFIELD_10421,1,10421,Barefoot Moscato Cal,1.5L,1,10.99,10.99,1/3/2016,1500,2,0.22,3252,E & J GALLO WINERY         
1_HARDERSFIELD_10421,1,10421,Barefoot Moscato Cal,1.5L,1,10.99,10.99,1/7/2016,1500,2,0.22,3252,E & J GALLO WINERY         
1_HARDERSFIELD_10421,1,10421,Barefoot Moscato Cal,1.5L,2,21.98,10.99,1/9/2016,1500,2,0.45,3252,E & J GALLO WINERY         
1_HARDERSFIELD_10421,1,10421,Barefoot Moscato Cal,1.5L,2,21.98,10.99,1/10/2016,1500,2,0.45,3252,E & J GALLO WINERY         
1_HARDERSFIELD_10421,1,10421,Barefoot Moscato Cal,1.5L,1,10.99,10.99,1/13/2016,1500,2,0.22,3252,E & J GALLO WINERY         
1_HARDERSFIELD_10421,1,10421,Barefoot Moscato Cal,1.5L,2,21.98,10.99,1/15/2016,1500,2,0.45,3252,E & J GALLO WINERY         
1_HARDERSFIELD_10421,1,10421,Barefoot Moscato Cal,1.5L,1,10.99,10.99,1/18/2016,1500,2,0.22,3252,E & J GALLO WINERY         
1_HARDERSFIELD_10421,1,10421,Barefoot Moscato Cal,1.5L,1,10.99,10.99,1/24/2016,1500,2,0.22,3252,E & J GALLO WINERY         
1_HARDERSFIELD_10421,1,10421,Barefoot Moscato Cal,1.5L,2,21.98,10.99,1/26/2016,1500,2,0.45,3252,E & J GALLO WINERY         
1_HARDERSFIELD_10421,1,10421,Barefoot Moscato Cal,1.5L,2,21.98,10.99,1/27/2016,1500,2,0.45,3252,E & J GALLO WINERY         
1_HARDERSFIELD_10421,1,10421,Barefoot Moscato Cal,1.5L,2,21.98,10.99,1/28/2016,1500,2,0.45,3252,E & J GALLO WINERY         
1_HARDERSFIELD_10441,1,10441,Charles Smith Boom Boom Syra,750mL,4,75.96,18.99,1/8/2016,750,2,0.45,10754,PERFECTA WINES             
1_HARDERSFIELD_10441,1,10441,Charles Smith Boom Boom Syra,750mL,6,113.94,18.99,1/18/2016,750,2,0.68,10754,PERFECTA WINES             
1_HARDERSFIELD_10441,1,10441,Charles Smith Boom Boom Syra,750mL,2,37.98,18.99,1/20/2016,750,2,0.22,10754,PERFECTA WINES             
1_HARDERSFIELD_10443,1,10443,Charles Smith Kung Fu Girl R,750mL,1,11.99,11.99,1/2/2016,750,2,0.11,10754,PERFECTA WINES             
1_HARDERSFIELD_10443,1,10443,Charles Smith Kung Fu Girl R,750mL,1,13.99,13.99,1/29/2016,750,2,0.11,10754,PERFECTA WINES             
1_HARDERSFIELD_10451,1,10451,Line 39 Cab Svgn Lake Cnty,750mL,3,29.97,9.99,1/2/2016,750,2,0.34,7153,PINE STATE TRADING CO      
1_HARDERSFIELD_10451,1,10451,Line 39 Cab Svgn Lake Cnty,750mL,1,9.99,9.99,1/6/2016,750,2,0.11,7153,PINE STATE TRADING CO      
1_HARDERSFIELD_10451,1,10451,Line 39 Cab Svgn Lake Cnty,750mL,1,9.99,9.99,1/7/2016,750,2,0.11,7153,PINE STATE TRADING CO      
1_HARDERSFIELD_10451,1,10451,Line 39 Cab Svgn Lake Cnty,750mL,7,69.93,9.99,1/9/2016,750,2,0.79,7153,PINE STATE TRADING CO      
1_HARDERSFIELD_10451,1,10451,Line 39 Cab Svgn Lake Cnty,750mL,12,119.88,9.99,1/10/2016,750,2,1.35,7153,PINE STATE TRADING CO      
1_HARDERSFIELD_10451,1,10451,Line 39 Cab Svgn Lake Cnty,750mL,1,9.99,9.99,1/18/2016,750,2,0.11,7153,PINE STATE TRADING CO      
1_HARDERSFIELD_10451,1,10451,Line 39 Cab Svgn Lake Cnty,750mL,12,119.88,9.99,1/21/2016,750,2,1.35,7153,PINE STATE TRADING CO      
1_HARDERSFIELD_10451,1,10451,Line 39 Cab Svgn Lake Cnty,750mL,1,9.99,9.99,1/22/2016,750,2,0.11,7153,PINE STATE TRADING CO      
1_HARDERSFIELD_10451,1,10451,Line 39 Cab Svgn Lake Cnty,750mL,2,19.98,9.99,1/23/2016,750,2,0.22,7153,PINE STATE TRADING CO      
1_HARDERSFIELD_10451,1,10451,Line 39 Cab Svgn Lake Cnty,750mL,1,9.99,9.99,1/27/2016,750,2,0.11,7153,PINE STATE TRADING CO      
1_HARDERSFIELD_10453,1,10453,Line 39 Svgn Bl Lake County,750mL,2,19.98,9.99,1/6/2016,750,2,0.22,7153,PINE STATE TRADING CO      
1_HARDERSFIELD_10453,1,10453,Line 39 Svgn Bl Lake County,750mL,12,119.88,9.99,1/8/2016,750,2,1.35,7153,PINE STATE TRADING CO      
1_HARDERSFIELD_10453,1,10453,Line 39 Svgn Bl Lake County,750mL,1,9.99,9.99,1/14/2016,750,2,0.11,7153,PINE STATE TRADING CO      
1_HARDERSFIELD_10453,1,10453,Line 39 Svgn Bl Lake County,750mL,1,9.99,9.99,1/17/2016,750,2,0.11,7153,PINE STATE TRADING CO      
1_HARDERSFIELD_10453,1,10453,Line 39 Svgn Bl Lake County,750mL,1,9.99,9.99,1/20/2016,750,2,0.11,7153,PINE STATE TRADING CO      
1_HARDERSFIELD_10453,1,10453,Line 39 Svgn Bl Lake County,750mL,1,9.99,9.99,1/22/2016,750,2,0.11,7153,PINE STATE TRADING CO      
1_HARDERSFIELD_10453,1,10453,Line 39 Svgn Bl Lake County,750mL,1,9.99,9.99,1/25/2016,750,2,0.11,7153,PINE STATE TRADING CO      
1_HARDERSFIELD_10453,1,10453,Line 39 Svgn Bl Lake County,750mL,1,9.99,9.99,1/27/2016,750,2,0.11,7153,PINE STATE TRADING CO      
1_HARDERSFIELD_10453,1,10453,Line 39 Svgn Bl Lake County,750mL,1,9.99,9.99,1/31/2016,750,2,0.11,7153,PINE STATE TRADING CO      
1_HARDERSFIELD_10469,1,10469,Easton Svgn Bl Sierra Foothl,750mL,2,35.98,17.99,1/27/2016,750,2,0.22,90024,VINILANDIA USA             
1_HARDERSFIELD_10472,1,10472,Clos du Bois Pnt Nr Cal,750mL,1,12.99,12.99,1/9/2016,750,2,0.11,1392,CONSTELLATION BRANDS INC   
1_HARDERSFIELD_10472,1,10472,Clos du Bois Pnt Nr Cal,750mL,1,12.99,12.99,1/15/2016,750,2,0.11,1392,CONSTELLATION BRANDS INC   
1_HARDERSFIELD_10472,1,10472,Clos du Bois Pnt Nr Cal,750mL,1,12.99,12.99,1/16/2016,750,2,0.11,1392,CONSTELLATION BRANDS INC   
1_HARDERSFIELD_10472,1,10472,Clos du Bois Pnt Nr Cal,750mL,1,12.99,12.99,1/25/2016,750,2,0.11,1392,CONSTELLATION BRANDS INC   
1_HARDERSFIELD_10472,1,10472,Clos du Bois Pnt Nr Cal,750mL,1,12.99,12.99,1/27/2016,750,2,0.11,1392,CONSTELLATION BRANDS INC   
1_HARDERSFIELD_10472,1,10472,Clos du Bois Pnt Nr Cal,750mL,1,12.99,12.99,1/30/2016,750,2,0.11,1392,CONSTELLATION BRANDS INC   
1_HARDERSFIELD_10472,1,10472,Clos du Bois Pnt Nr Cal,750mL,3,38.97,12.99,1/31/2016,750,2,0.34,1392,CONSTELLATION BRANDS INC   
1_HARDERSFIELD_1051,1,1051,Woodford Reserve MC 1838,750mL,1,99.99,99.99,1/4/2016,750,1,0.79,1128,BROWN-FORMAN CORP          
1_HARDERSFIELD_1051,1,1051,Woodford Reserve MC 1838,750mL,1,99.99,99.99,1/23/2016,750,1,0.79,1128,BROWN-FORMAN CORP          
1_HARDERSFIELD_10579,1,10579,High Note Malbec Mendoza,750mL,2,21.98,10.99,1/20/2016,750,2,0.22,7153,PINE STATE TRADING CO      
1_HARDERSFIELD_10596,1,10596,Almaden Mt Rhine Calif B/B,5L,2,29.98,14.99,1/1/2016,5000,2,1.5,9815,WINE GROUP INC             
1_HARDERSFIELD_10596,1,10596,Almaden Mt Rhine Calif B/B,5L,1,16.99,16.99,1/4/2016,5000,2,0.75,9815,WINE GROUP INC             
1_HARDERSFIELD_10596,1,10596,Almaden Mt Rhine Calif B/B,5L,2,33.98,16.99,1/8/2016,5000,2,1.5,9815,WINE GROUP INC             
1_HARDERSFIELD_10596,1,10596,Almaden Mt Rhine Calif B/B,5L,1,16.99,16.99,1/21/2016,5000,2,0.75,9815,WINE GROUP INC             
1_HARDERSFIELD_10596,1,10596,Almaden Mt Rhine Calif B/B,5L,1,16.99,16.99,1/26/2016,5000,2,0.75,9815,WINE GROUP INC             
1_HARDERSFIELD_1060,1,1060,Jack Daniels Bruins Glass Pk,Liter,2,55.98,27.99,1/1/2016,1000,1,2.1,1128,BROWN-FORMAN CORP          
1_HARDERSFIELD_1060,1,1060,Jack Daniels Bruins Glass Pk,Liter,1,27.99,27.99,1/2/2016,1000,1,1.05,1128,BROWN-FORMAN CORP          
1_HARDERSFIELD_1060,1,1060,Jack Daniels Bruins Glass Pk,Liter,1,31.99,31.99,1/11/2016,1000,1,1.05,1128,BROWN-FORMAN CORP          
1_HARDERSFIELD_1060,1,1060,Jack Daniels Bruins Glass Pk,Liter,1,31.99,31.99,1/13/2016,1000,1,1.05,1128,BROWN-FORMAN CORP          
1_HARDERSFIELD_1060,1,1060,Jack Daniels Bruins Glass Pk,Liter,1,31.99,31.99,1/16/2016,1000,1,1.05,1128,BROWN-FORMAN CORP          
1_HARDERSFIELD_1060,1,1060,Jack Daniels Bruins Glass Pk,Liter,1,31.99,31.99,1/22/2016,1000,1,1.05,1128,BROWN-FORMAN CORP          
1_HARDERSFIELD_10603,1,10603,Parducci Petite Sirah,750mL,1,10.99,10.99,1/14/2016,750,2,0.11,9552,M S WALKER INC             
1_HARDERSFIELD_10603,1,10603,Parducci Petite Sirah,750mL,1,10.99,10.99,1/15/2016,750,2,0.11,9552,M S WALKER INC             
1_HARDERSFIELD_10603,1,10603,Parducci Petite Sirah,750mL,1,10.99,10.99,1/16/2016,750,2,0.11,9552,M S WALKER INC             
1_HARDERSFIELD_10603,1,10603,Parducci Petite Sirah,750mL,1,10.99,10.99,1/20/2016,750,2,0.11,9552,M S WALKER INC             
1_HARDERSFIELD_10603,1,10603,Parducci Petite Sirah,750mL,2,21.98,10.99,1/23/2016,750,2,0.22,9552,M S WALKER INC             
1_HARDERSFIELD_10603,1,10603,Parducci Petite Sirah,750mL,1,10.99,10.99,1/24/2016,750,2,0.11,9552,M S WALKER INC             
1_HARDERSFIELD_10603,1,10603,Parducci Petite Sirah,750mL,1,10.99,10.99,1/26/2016,750,2,0.11,9552,M S WALKER INC             
1_HARDERSFIELD_10603,1,10603,Parducci Petite Sirah,750mL,1,10.99,10.99,1/27/2016,750,2,0.11,9552,M S WALKER INC             
1_HARDERSFIELD_10603,1,10603,Parducci Petite Sirah,750mL,3,32.97,10.99,1/30/2016,750,2,0.34,9552,M S WALKER INC             
1_HARDERSFIELD_10609,1,10609,Oyster Bay Chard Marlboro,750mL,3,38.97,12.99,1/6/2016,750,2,0.34,4425,MARTIGNETTI COMPANIES
1_HARDERSFIELD_10609,1,10609,Oyster Bay Chard Marlboro,750mL,2,25.98,12.99,1/9/2016,750,2,0.22,4425,MARTIGNETTI COMPANIES
1_HARDERSFIELD_10609,1,10609,Oyster Bay Chard Marlboro,750mL,1,12.99,12.99,1/16/2016,750,2,0.11,4425,MARTIGNETTI COMPANIES
1_HARDERSFIELD_10609,1,10609,Oyster Bay Chard Marlboro,750mL,3,38.97,12.99,1/21/2016,750,2,0.34,4425,MARTIGNETTI COMPANIES
1_HARDERSFIELD_10609,1,10609,Oyster Bay Chard Marlboro,750mL,5,64.95,12.99,1/22/2016,750,2,0.56,4425,MARTIGNETTI COMPANIES
1_HARDERSFIELD_1061,1,1061,Christian Bros Holiday Nog,750mL,2,13.98,6.99,1/2/2016,750,1,1.57,3924,HEAVEN HILL DISTILLERIES   
1_HARDERSFIELD_1061,1,1061,Christian Bros Holiday Nog,750mL,1,6.99,6.99,1/5/2016,750,1,0.79,3924,HEAVEN HILL DISTILLERIES   
1_HARDERSFIELD_10626,1,10626,MezzaCorona Pnt Nr,1.5L,2,21.98,10.99,1/4/2016,1500,2,0.45,9165,ULTRA BEVERAGE COMPANY LLP 
1_HARDERSFIELD_10626,1,10626,MezzaCorona Pnt Nr,1.5L,1,10.99,10.99,1/7/2016,1500,2,0.22,9165,ULTRA BEVERAGE COMPANY LLP 
1_HARDERSFIELD_10626,1,10626,MezzaCorona Pnt Nr,1.5L,1,10.99,10.99,1/8/2016,1500,2,0.22,9165,ULTRA BEVERAGE COMPANY LLP 
1_HARDERSFIELD_10626,1,10626,MezzaCorona Pnt Nr,1.5L,1,10.99,10.99,1/10/2016,1500,2,0.22,9165,ULTRA BEVERAGE COMPANY LLP 
1_HARDERSFIELD_10626,1,10626,MezzaCorona Pnt Nr,1.5L,1,10.99,10.99,1/14/2016,1500,2,0.22,9165,ULTRA BEVERAGE COMPANY LLP 
1_HARDERSFIELD_10626,1,10626,MezzaCorona Pnt Nr,1.5L,1,10.99,10.99,1/16/2016,1500,2,0.22,9165,ULTRA BEVERAGE COMPANY LLP 
1_HARDERSFIELD_10626,1,10626,MezzaCorona Pnt Nr,1.5L,1,10.99,10.99,1/20/2016,1500,2,0.22,9165,ULTRA BEVERAGE COMPANY LLP 
1_HARDERSFIELD_10626,1,10626,MezzaCorona Pnt Nr,1.5L,1,10.99,10.99,1/21/2016,1500,2,0.22,9165,ULTRA BEVERAGE COMPANY LLP 
1_HARDERSFIELD_10626,1,10626,MezzaCorona Pnt Nr,1.5L,1,10.99,10.99,1/26/2016,1500,2,0.22,9165,ULTRA BEVERAGE COMPANY LLP 
1_HARDERSFIELD_10626,1,10626,MezzaCorona Pnt Nr,1.5L,1,10.99,10.99,1/28/2016,1500,2,0.22,9165,ULTRA BEVERAGE COMPANY LLP 
1_HARDERSFIELD_10626,1,10626,MezzaCorona Pnt Nr,1.5L,1,10.99,10.99,1/29/2016,1500,2,0.22,9165,ULTRA BEVERAGE COMPANY LLP 
1_HARDERSFIELD_10626,1,10626,MezzaCorona Pnt Nr,1.5L,1,10.99,10.99,1/31/2016,1500,2,0.22,9165,ULTRA BEVERAGE COMPANY LLP 
1_HARDERSFIELD_1064,1,1064,Jack Daniels Honey + Glass,750mL,1,22.99,22.99,1/15/2016,750,1,0.79,1128,BROWN-FORMAN CORP          
1_HARDERSFIELD_1064,1,1064,Jack Daniels Honey + Glass,750mL,1,22.99,22.99,1/29/2016,750,1,0.79,1128,BROWN-FORMAN CORP          
1_HARDERSFIELD_1065,1,1065,DiSaronno Cavalli Collection,50mL 3 Pk,1,12.99,12.99,1/20/2016,50,1,0.05,2555,DISARONNO INTERNATIONAL LLC
1_HARDERSFIELD_1065,1,1065,DiSaronno Cavalli Collection,50mL 3 Pk,1,12.99,12.99,1/22/2016,50,1,0.05,2555,DISARONNO INTERNATIONAL LLC
1_HARDERSFIELD_10676,1,10676,W Hill RSV Cab Svgn,750mL,2,85.98,42.99,1/1/2016,750,2,0.22,3252,E & J GALLO WINERY         
1_HARDERSFIELD_10676,1,10676,W Hill RSV Cab Svgn,750mL,2,85.98,42.99,1/8/2016,750,2,0.22,3252,E & J GALLO WINERY         
1_HARDERSFIELD_10676,1,10676,W Hill RSV Cab Svgn,750mL,1,42.99,42.99,1/9/2016,750,2,0.11,3252,E & J GALLO WINERY         
1_HARDERSFIELD_10676,1,10676,W Hill RSV Cab Svgn,750mL,1,42.99,42.99,1/10/2016,750,2,0.11,3252,E & J GALLO WINERY         
1_HARDERSFIELD_10680,1,10680,Segura Viudas Brut RSV,750mL,4,43.96,10.99,1/3/2016,750,2,0.45,4425,MARTIGNETTI COMPANIES
1_HARDERSFIELD_10680,1,10680,Segura Viudas Brut RSV,750mL,2,21.98,10.99,1/17/2016,750,2,0.22,4425,MARTIGNETTI COMPANIES
1_HARDERSFIELD_10680,1,10680,Segura Viudas Brut RSV,750mL,2,21.98,10.99,1/30/2016,750,2,0.22,4425,MARTIGNETTI COMPANIES
1_HARDERSFIELD_10723,1,10723,R M Woodbridge Chard,1.5L,1,8.99,8.99,1/2/2016,1500,2,0.22,1392,CONSTELLATION BRANDS INC   
1_HARDERSFIELD_10723,1,10723,R M Woodbridge Chard,1.5L,1,8.99,8.99,1/3/2016,1500,2,0.22,1392,CONSTELLATION BRANDS INC   
1_HARDERSFIELD_10723,1,10723,R M Woodbridge Chard,1.5L,1,13.99,13.99,1/10/2016,1500,2,0.22,1392,CONSTELLATION BRANDS INC   
1_HARDERSFIELD_10723,1,10723,R M Woodbridge Chard,1.5L,1,13.99,13.99,1/12/2016,1500,2,0.22,1392,CONSTELLATION BRANDS INC   
1_HARDERSFIELD_10727,1,10727,Starborough Svgn Bl Marlboro,750mL,1,7.95,7.95,1/2/2016,750,2,0.11,3252,E & J GALLO WINERY         
1_HARDERSFIELD_10727,1,10727,Starborough Svgn Bl Marlboro,750mL,1,7.95,7.95,1/3/2016,750,2,0.11,3252,E & J GALLO WINERY         
1_HARDERSFIELD_10727,1,10727,Starborough Svgn Bl Marlboro,750mL,2,19.98,9.99,1/5/2016,750,2,0.22,3252,E & J GALLO WINERY         
1_HARDERSFIELD_10727,1,10727,Starborough Svgn Bl Marlboro,750mL,1,9.99,9.99,1/6/2016,750,2,0.11,3252,E & J GALLO WINERY         
1_HARDERSFIELD_10727,1,10727,Starborough Svgn Bl Marlboro,750mL,3,29.97,9.99,1/8/2016,750,2,0.34,3252,E & J GALLO WINERY         
1_HARDERSFIELD_10727,1,10727,Starborough Svgn Bl Marlboro,750mL,6,59.94,9.99,1/12/2016,750,2,0.68,3252,E & J GALLO WINERY         
1_HARDERSFIELD_10727,1,10727,Starborough Svgn Bl Marlboro,750mL,1,9.99,9.99,1/14/2016,750,2,0.11,3252,E & J GALLO WINERY         
1_HARDERSFIELD_10727,1,10727,Starborough Svgn Bl Marlboro,750mL,1,9.99,9.99,1/15/2016,750,2,0.11,3252,E & J GALLO WINERY         
1_HARDERSFIELD_10727,1,10727,Starborough Svgn Bl Marlboro,750mL,2,19.98,9.99,1/16/2016,750,2,0.22,3252,E & J GALLO WINERY         
1_HARDERSFIELD_10727,1,10727,Starborough Svgn Bl Marlboro,750mL,1,9.99,9.99,1/18/2016,750,2,0.11,3252,E & J GALLO WINERY         
1_HARDERSFIELD_10727,1,10727,Starborough Svgn Bl Marlboro,750mL,8,79.92,9.99,1/22/2016,750,2,0.9,3252,E & J GALLO WINERY         
1_HARDERSFIELD_10727,1,10727,Starborough Svgn Bl Marlboro,750mL,2,19.98,9.99,1/23/2016,750,2,0.22,3252,E & J GALLO WINERY         
1_HARDERSFIELD_10727,1,10727,Starborough Svgn Bl Marlboro,750mL,2,19.98,9.99,1/25/2016,750,2,0.22,3252,E & J GALLO WINERY         
1_HARDERSFIELD_10727,1,10727,Starborough Svgn Bl Marlboro,750mL,1,9.99,9.99,1/27/2016,750,2,0.11,3252,E & J GALLO WINERY         
1_HARDERSFIELD_10727,1,10727,Starborough Svgn Bl Marlboro,750mL,6,59.94,9.99,1/29/2016,750,2,0.68,3252,E & J GALLO WINERY         
1_HARDERSFIELD_10750,1,10750,Gattinara Travaglini,750mL,2,55.98,27.99,1/6/2016,750,2,0.22,4425,MARTIGNETTI COMPANIES
1_HARDERSFIELD_10750,1,10750,Gattinara Travaglini,750mL,1,27.99,27.99,1/7/2016,750,2,0.11,4425,MARTIGNETTI COMPANIES
1_HARDERSFIELD_10750,1,10750,Gattinara Travaglini,750mL,1,27.99,27.99,1/22/2016,750,2,0.11,4425,MARTIGNETTI COMPANIES
1_HARDERSFIELD_10750,1,10750,Gattinara Travaglini,750mL,1,27.99,27.99,1/30/2016,750,2,0.11,4425,MARTIGNETTI COMPANIES
1_HARDERSFIELD_10874,1,10874,Cantine Maschio Prosecco Brt,750mL,1,10.99,10.99,1/7/2016,750,2,0.11,516,BANFI PRODUCTS CORP        
1_HARDERSFIELD_10874,1,10874,Cantine Maschio Prosecco Brt,750mL,1,10.99,10.99,1/8/2016,750,2,0.11,516,BANFI PRODUCTS CORP        
1_HARDERSFIELD_10874,1,10874,Cantine Maschio Prosecco Brt,750mL,1,10.99,10.99,1/15/2016,750,2,0.11,516,BANFI PRODUCTS CORP        
1_HARDERSFIELD_10874,1,10874,Cantine Maschio Prosecco Brt,750mL,14,153.86,10.99,1/23/2016,750,2,1.57,516,BANFI PRODUCTS CORP        
1_HARDERSFIELD_10874,1,10874,Cantine Maschio Prosecco Brt,750mL,6,65.94,10.99,1/29/2016,750,2,0.68,516,BANFI PRODUCTS CORP        
1_HARDERSFIELD_10874,1,10874,Cantine Maschio Prosecco Brt,750mL,3,32.97,10.99,1/30/2016,750,2,0.34,516,BANFI PRODUCTS CORP        
1_HARDERSFIELD_10895,1,10895,Schmitt Sohne Relax Mosel,1.5L,2,39.98,19.99,1/29/2016,1500,2,0.45,9552,M S WALKER INC             
1_HARDERSFIELD_10927,1,10927,Barefoot Sparklng Pnt Grigio,750mL,2,19.98,9.99,1/2/2016,750,2,0.22,3252,E & J GALLO WINERY         
1_HARDERSFIELD_10927,1,10927,Barefoot Sparklng Pnt Grigio,750mL,1,9.99,9.99,1/12/2016,750,2,0.11,3252,E & J GALLO WINERY         
1_HARDERSFIELD_10927,1,10927,Barefoot Sparklng Pnt Grigio,750mL,1,9.99,9.99,1/13/2016,750,2,0.11,3252,E & J GALLO WINERY         
1_HARDERSFIELD_10927,1,10927,Barefoot Sparklng Pnt Grigio,750mL,1,9.99,9.99,1/20/2016,750,2,0.11,3252,E & J GALLO WINERY         
1_HARDERSFIELD_1094,1,1094,Four Roses Single Barrel Brb,750mL,1,44.99,44.99,1/15/2016,750,1,0.79,9552,M S WALKER INC             
1_HARDERSFIELD_10957,1,10957,Seaglass Svgn Bl Snt Barbara,750mL,1,9.99,9.99,1/5/2016,750,2,0.11,8892,TRINCHERO FAMILY ESTATES   
1_HARDERSFIELD_10957,1,10957,Seaglass Svgn Bl Snt Barbara,750mL,8,79.92,9.99,1/9/2016,750,2,0.9,8892,TRINCHERO FAMILY ESTATES   
1_HARDERSFIELD_10957,1,10957,Seaglass Svgn Bl Snt Barbara,750mL,1,9.99,9.99,1/18/2016,750,2,0.11,8892,TRINCHERO FAMILY ESTATES   
1_HARDERSFIELD_10957,1,10957,Seaglass Svgn Bl Snt Barbara,750mL,1,9.99,9.99,1/22/2016,750,2,0.11,8892,TRINCHERO FAMILY ESTATES   
1_HARDERSFIELD_10957,1,10957,Seaglass Svgn Bl Snt Barbara,750mL,6,59.94,9.99,1/23/2016,750,2,0.68,8892,TRINCHERO FAMILY ESTATES   
1_HARDERSFIELD_10957,1,10957,Seaglass Svgn Bl Snt Barbara,750mL,1,9.99,9.99,1/29/2016,750,2,0.11,8892,TRINCHERO FAMILY ESTATES   
1_HARDERSFIELD_10957,1,10957,Seaglass Svgn Bl Snt Barbara,750mL,2,19.98,9.99,1/30/2016,750,2,0.22,8892,TRINCHERO FAMILY ESTATES   
1_HARDERSFIELD_11067,1,11067,Sterling Chard,750mL,2,23.9,11.95,1/2/2016,750,2,0.22,1590,DIAGEO CHATEAU ESTATE WINES
1_HARDERSFIELD_11067,1,11067,Sterling Chard,750mL,2,23.9,11.95,1/3/2016,750,2,0.22,1590,DIAGEO CHATEAU ESTATE WINES
1_HARDERSFIELD_11089,1,11089,Jaboulet Cts Rhone Parl Rose,750mL,1,9.95,9.95,1/7/2016,750,2,0.11,9744,FREDERICK WILDMAN & SONS   
1_HARDERSFIELD_11089,1,11089,Jaboulet Cts Rhone Parl Rose,750mL,2,19.9,9.95,1/8/2016,750,2,0.22,9744,FREDERICK WILDMAN & SONS   
1_HARDERSFIELD_11089,1,11089,Jaboulet Cts Rhone Parl Rose,750mL,1,9.95,9.95,1/12/2016,750,2,0.11,9744,FREDERICK WILDMAN & SONS   
1_HARDERSFIELD_11089,1,11089,Jaboulet Cts Rhone Parl Rose,750mL,1,9.95,9.95,1/20/2016,750,2,0.11,9744,FREDERICK WILDMAN & SONS   
1_HARDERSFIELD_11089,1,11089,Jaboulet Cts Rhone Parl Rose,750mL,1,9.95,9.95,1/22/2016,750,2,0.11,9744,FREDERICK WILDMAN & SONS   
1_HARDERSFIELD_11089,1,11089,Jaboulet Cts Rhone Parl Rose,750mL,1,9.95,9.95,1/31/2016,750,2,0.11,9744,FREDERICK WILDMAN & SONS   
1_HARDERSFIELD_1112,1,1112,Ardbeg Exploration Pk +50mls,750mL,1,46.99,46.99,1/28/2016,750,1,0.79,8112,MOET HENNESSY USA INC      
1_HARDERSFIELD_11141,1,11141,C K Mondavi Chard,1.5L,5,49.95,9.99,1/6/2016,1500,2,1.12,2000,SOUTHERN WINE & SPIRITS NE 
1_HARDERSFIELD_11141,1,11141,C K Mondavi Chard,1.5L,4,39.96,9.99,1/8/2016,1500,2,0.9,2000,SOUTHERN WINE & SPIRITS NE 
1_HARDERSFIELD_11141,1,11141,C K Mondavi Chard,1.5L,1,9.99,9.99,1/9/2016,1500,2,0.22,2000,SOUTHERN WINE & SPIRITS NE 
1_HARDERSFIELD_11141,1,11141,C K Mondavi Chard,1.5L,2,19.98,9.99,1/11/2016,1500,2,0.45,2000,SOUTHERN WINE & SPIRITS NE 
1_HARDERSFIELD_11141,1,11141,C K Mondavi Chard,1.5L,2,19.98,9.99,1/13/2016,1500,2,0.45,2000,SOUTHERN WINE & SPIRITS NE 
1_HARDERSFIELD_11141,1,11141,C K Mondavi Chard,1.5L,1,9.99,9.99,1/16/2016,1500,2,0.22,2000,SOUTHERN WINE & SPIRITS NE 
1_HARDERSFIELD_11141,1,11141,C K Mondavi Chard,1.5L,5,49.95,9.99,1/17/2016,1500,2,1.12,2000,SOUTHERN WINE & SPIRITS NE 
1_HARDERSFIELD_11141,1,11141,C K Mondavi Chard,1.5L,9,89.91,9.99,1/20/2016,1500,2,2.02,2000,SOUTHERN WINE & SPIRITS NE 
1_HARDERSFIELD_11141,1,11141,C K Mondavi Chard,1.5L,2,19.98,9.99,1/21/2016,1500,2,0.45,2000,SOUTHERN WINE & SPIRITS NE 
1_HARDERSFIELD_11141,1,11141,C K Mondavi Chard,1.5L,3,29.97,9.99,1/23/2016,1500,2,0.68,2000,SOUTHERN WINE & SPIRITS NE 
1_HARDERSFIELD_11141,1,11141,C K Mondavi Chard,1.5L,1,9.99,9.99,1/24/2016,1500,2,0.22,2000,SOUTHERN WINE & SPIRITS NE 
1_HARDERSFIELD_11141,1,11141,C K Mondavi Chard,1.5L,7,69.93,9.99,1/27/2016,1500,2,1.57,2000,SOUTHERN WINE & SPIRITS NE 
1_HARDERSFIELD_11141,1,11141,C K Mondavi Chard,1.5L,1,9.99,9.99,1/30/2016,1500,2,0.22,2000,SOUTHERN WINE & SPIRITS NE 
1_HARDERSFIELD_11152,1,11152,Stemmari Pt Nr,750mL,1,8.99,8.99,1/5/2016,750,2,0.11,9165,ULTRA BEVERAGE COMPANY LLP 
1_HARDERSFIELD_11152,1,11152,Stemmari Pt Nr,750mL,1,8.99,8.99,1/9/2016,750,2,0.11,9165,ULTRA BEVERAGE COMPANY LLP 
1_HARDERSFIELD_11152,1,11152,Stemmari Pt Nr,750mL,1,8.99,8.99,1/15/2016,750,2,0.11,9165,ULTRA BEVERAGE COMPANY LLP 
1_HARDERSFIELD_11196,1,11196,Angelini Pnt Grigio Veneto,750mL,1,9.99,9.99,1/7/2016,750,2,0.11,7153,PINE STATE TRADING CO      
1_HARDERSFIELD_11196,1,11196,Angelini Pnt Grigio Veneto,750mL,1,9.99,9.99,1/15/2016,750,2,0.11,7153,PINE STATE TRADING CO      
1_HARDERSFIELD_11196,1,11196,Angelini Pnt Grigio Veneto,750mL,4,39.96,9.99,1/20/2016,750,2,0.45,7153,PINE STATE TRADING CO      
1_HARDERSFIELD_11196,1,11196,Angelini Pnt Grigio Veneto,750mL,2,19.98,9.99,1/21/2016,750,2,0.22,7153,PINE STATE TRADING CO      
1_HARDERSFIELD_11196,1,11196,Angelini Pnt Grigio Veneto,750mL,1,9.99,9.99,1/30/2016,750,2,0.11,7153,PINE STATE TRADING CO      
1_HARDERSFIELD_11199,1,11199,Carpene Malvolti Prosecco,750mL,1,16.99,16.99,1/16/2016,750,2,0.11,7153,PINE STATE TRADING CO      
1_HARDERSFIELD_11199,1,11199,Carpene Malvolti Prosecco,750mL,1,16.99,16.99,1/26/2016,750,2,0.11,7153,PINE STATE TRADING CO      
1_HARDERSFIELD_11200,1,11200,Palagetto Vernaccia Gimigano,750mL,1,14.99,14.99,1/6/2016,750,2,0.11,7153,PINE STATE TRADING CO      
1_HARDERSFIELD_11213,1,11213,Meiomi Pnt Nr,750mL,2,37.98,18.99,1/2/2016,750,2,0.22,1392,CONSTELLATION BRANDS INC   
1_HARDERSFIELD_11213,1,11213,Meiomi Pnt Nr,750mL,1,18.99,18.99,1/3/2016,750,2,0.11,1392,CONSTELLATION BRANDS INC   
1_HARDERSFIELD_11213,1,11213,Meiomi Pnt Nr,750mL,1,21.99,21.99,1/8/2016,750,2,0.11,1392,CONSTELLATION BRANDS INC   
1_HARDERSFIELD_11213,1,11213,Meiomi Pnt Nr,750mL,1,21.99,21.99,1/9/2016,750,2,0.11,1392,CONSTELLATION BRANDS INC   
1_HARDERSFIELD_11213,1,11213,Meiomi Pnt Nr,750mL,1,21.99,21.99,1/11/2016,750,2,0.11,1392,CONSTELLATION BRANDS INC   
1_HARDERSFIELD_11213,1,11213,Meiomi Pnt Nr,750mL,2,43.98,21.99,1/24/2016,750,2,0.22,1392,CONSTELLATION BRANDS INC   
1_HARDERSFIELD_11213,1,11213,Meiomi Pnt Nr,750mL,1,21.99,21.99,1/25/2016,750,2,0.11,1392,CONSTELLATION BRANDS INC   
1_HARDERSFIELD_11213,1,11213,Meiomi Pnt Nr,750mL,5,109.95,21.99,1/27/2016,750,2,0.56,1392,CONSTELLATION BRANDS INC   
1_HARDERSFIELD_11213,1,11213,Meiomi Pnt Nr,750mL,1,21.99,21.99,1/29/2016,750,2,0.11,1392,CONSTELLATION BRANDS INC   
1_HARDERSFIELD_11213,1,11213,Meiomi Pnt Nr,750mL,3,65.97,21.99,1/30/2016,750,2,0.34,1392,CONSTELLATION BRANDS INC   
1_HARDERSFIELD_11214,1,11214,Caymus Cab Svgn Napa Vly,750mL,1,74.99,74.99,1/1/2016,750,2,0.11,4425,MARTIGNETTI COMPANIES
1_HARDERSFIELD_11214,1,11214,Caymus Cab Svgn Napa Vly,750mL,1,74.99,74.99,1/20/2016,750,2,0.11,4425,MARTIGNETTI COMPANIES
1_HARDERSFIELD_11214,1,11214,Caymus Cab Svgn Napa Vly,750mL,1,74.99,74.99,1/24/2016,750,2,0.11,4425,MARTIGNETTI COMPANIES
1_HARDERSFIELD_11214,1,11214,Caymus Cab Svgn Napa Vly,750mL,1,74.99,74.99,1/29/2016,750,2,0.11,4425,MARTIGNETTI COMPANIES
1_HARDERSFIELD_11219,1,11219,Josh Cellars Cab Svgn Sonoma,750mL,1,13.99,13.99,1/2/2016,750,2,0.11,4425,MARTIGNETTI COMPANIES
1_HARDERSFIELD_11219,1,11219,Josh Cellars Cab Svgn Sonoma,750mL,2,27.98,13.99,1/3/2016,750,2,0.22,4425,MARTIGNETTI COMPANIES
1_HARDERSFIELD_11219,1,11219,Josh Cellars Cab Svgn Sonoma,750mL,1,14.99,14.99,1/6/2016,750,2,0.11,4425,MARTIGNETTI COMPANIES
1_HARDERSFIELD_11219,1,11219,Josh Cellars Cab Svgn Sonoma,750mL,2,29.98,14.99,1/7/2016,750,2,0.22,4425,MARTIGNETTI COMPANIES
1_HARDERSFIELD_11219,1,11219,Josh Cellars Cab Svgn Sonoma,750mL,6,89.94,14.99,1/8/2016,750,2,0.68,4425,MARTIGNETTI COMPANIES
1_HARDERSFIELD_11219,1,11219,Josh Cellars Cab Svgn Sonoma,750mL,6,89.94,14.99,1/9/2016,750,2,0.68,4425,MARTIGNETTI COMPANIES
1_HARDERSFIELD_11219,1,11219,Josh Cellars Cab Svgn Sonoma,750mL,2,29.98,14.99,1/10/2016,750,2,0.22,4425,MARTIGNETTI COMPANIES
1_HARDERSFIELD_11219,1,11219,Josh Cellars Cab Svgn Sonoma,750mL,4,59.96,14.99,1/12/2016,750,2,0.45,4425,MARTIGNETTI COMPANIES
1_HARDERSFIELD_11219,1,11219,Josh Cellars Cab Svgn Sonoma,750mL,2,29.98,14.99,1/13/2016,750,2,0.22,4425,MARTIGNETTI COMPANIES
1_HARDERSFIELD_11219,1,11219,Josh Cellars Cab Svgn Sonoma,750mL,3,44.97,14.99,1/15/2016,750,2,0.34,4425,MARTIGNETTI COMPANIES
1_HARDERSFIELD_11219,1,11219,Josh Cellars Cab Svgn Sonoma,750mL,1,14.99,14.99,1/16/2016,750,2,0.11,4425,MARTIGNETTI COMPANIES
1_HARDERSFIELD_11219,1,11219,Josh Cellars Cab Svgn Sonoma,750mL,2,29.98,14.99,1/17/2016,750,2,0.22,4425,MARTIGNETTI COMPANIES
1_HARDERSFIELD_11219,1,11219,Josh Cellars Cab Svgn Sonoma,750mL,4,59.96,14.99,1/18/2016,750,2,0.45,4425,MARTIGNETTI COMPANIES
1_HARDERSFIELD_11219,1,11219,Josh Cellars Cab Svgn Sonoma,750mL,2,29.98,14.99,1/20/2016,750,2,0.22,4425,MARTIGNETTI COMPANIES
1_HARDERSFIELD_11219,1,11219,Josh Cellars Cab Svgn Sonoma,750mL,2,29.98,14.99,1/21/2016,750,2,0.22,4425,MARTIGNETTI COMPANIES
1_HARDERSFIELD_11219,1,11219,Josh Cellars Cab Svgn Sonoma,750mL,15,224.85,14.99,1/22/2016,750,2,1.69,4425,MARTIGNETTI COMPANIES
1_HARDERSFIELD_11219,1,11219,Josh Cellars Cab Svgn Sonoma,750mL,3,44.97,14.99,1/23/2016,750,2,0.34,4425,MARTIGNETTI COMPANIES
1_HARDERSFIELD_11219,1,11219,Josh Cellars Cab Svgn Sonoma,750mL,9,134.91,14.99,1/24/2016,750,2,1.01,4425,MARTIGNETTI COMPANIES
1_HARDERSFIELD_11219,1,11219,Josh Cellars Cab Svgn Sonoma,750mL,3,44.97,14.99,1/26/2016,750,2,0.34,4425,MARTIGNETTI COMPANIES
1_HARDERSFIELD_11219,1,11219,Josh Cellars Cab Svgn Sonoma,750mL,2,29.98,14.99,1/27/2016,750,2,0.22,4425,MARTIGNETTI COMPANIES
1_HARDERSFIELD_11219,1,11219,Josh Cellars Cab Svgn Sonoma,750mL,7,104.93,14.99,1/30/2016,750,2,0.79,4425,MARTIGNETTI COMPANIES
1_HARDERSFIELD_11219,1,11219,Josh Cellars Cab Svgn Sonoma,750mL,9,134.91,14.99,1/31/2016,750,2,1.01,4425,MARTIGNETTI COMPANIES
1_HARDERSFIELD_11227,1,11227,Girard Svgn Bl Napa Vly,750mL,1,16.99,16.99,1/12/2016,750,2,0.11,4425,MARTIGNETTI COMPANIES
1_HARDERSFIELD_11227,1,11227,Girard Svgn Bl Napa Vly,750mL,2,33.98,16.99,1/15/2016,750,2,0.22,4425,MARTIGNETTI COMPANIES
1_HARDERSFIELD_11227,1,11227,Girard Svgn Bl Napa Vly,750mL,1,16.99,16.99,1/27/2016,750,2,0.11,4425,MARTIGNETTI COMPANIES
1_HARDERSFIELD_11238,1,11238,Willamette Whole Clst Pnt Nr,750mL,1,20.99,20.99,1/2/2016,750,2,0.11,2000,SOUTHERN WINE & SPIRITS NE 
1_HARDERSFIELD_11238,1,11238,Willamette Whole Clst Pnt Nr,750mL,2,39.98,19.99,1/6/2016,750,2,0.22,2000,SOUTHERN WINE & SPIRITS NE 
1_HARDERSFIELD_11238,1,11238,Willamette Whole Clst Pnt Nr,750mL,2,39.98,19.99,1/9/2016,750,2,0.22,2000,SOUTHERN WINE & SPIRITS NE 
1_HARDERSFIELD_11238,1,11238,Willamette Whole Clst Pnt Nr,750mL,1,19.99,19.99,1/15/2016,750,2,0.11,2000,SOUTHERN WINE & SPIRITS NE 
1_HARDERSFIELD_11238,1,11238,Willamette Whole Clst Pnt Nr,750mL,1,19.99,19.99,1/19/2016,750,2,0.11,2000,SOUTHERN WINE & SPIRITS NE 
1_HARDERSFIELD_11238,1,11238,Willamette Whole Clst Pnt Nr,750mL,2,39.98,19.99,1/29/2016,750,2,0.22,2000,SOUTHERN WINE & SPIRITS NE 
1_HARDERSFIELD_11238,1,11238,Willamette Whole Clst Pnt Nr,750mL,1,19.99,19.99,1/30/2016,750,2,0.11,2000,SOUTHERN WINE & SPIRITS NE 
1_HARDERSFIELD_11310,1,11310,Beaulieu Tapestry 05 Rsv,750mL,1,58.99,58.99,1/30/2016,750,2,0.11,1590,DIAGEO CHATEAU ESTATE WINES
1_HARDERSFIELD_11320,1,11320,Edna Valley Paragon Svgn Bl,750mL,1,11.99,11.99,1/4/2016,750,2,0.11,3252,E & J GALLO WINERY         
1_HARDERSFIELD_11320,1,11320,Edna Valley Paragon Svgn Bl,750mL,4,47.96,11.99,1/15/2016,750,2,0.45,3252,E & J GALLO WINERY         
1_HARDERSFIELD_11320,1,11320,Edna Valley Paragon Svgn Bl,750mL,1,11.99,11.99,1/18/2016,750,2,0.11,3252,E & J GALLO WINERY         
1_HARDERSFIELD_11320,1,11320,Edna Valley Paragon Svgn Bl,750mL,2,23.98,11.99,1/23/2016,750,2,0.22,3252,E & J GALLO WINERY         
1_HARDERSFIELD_11320,1,11320,Edna Valley Paragon Svgn Bl,750mL,1,11.99,11.99,1/25/2016,750,2,0.11,3252,E & J GALLO WINERY         
1_HARDERSFIELD_11320,1,11320,Edna Valley Paragon Svgn Bl,750mL,1,11.99,11.99,1/27/2016,750,2,0.11,3252,E & J GALLO WINERY         
1_HARDERSFIELD_11320,1,11320,Edna Valley Paragon Svgn Bl,750mL,1,11.99,11.99,1/28/2016,750,2,0.11,3252,E & J GALLO WINERY         
1_HARDERSFIELD_1133,1,1133,Glenmorangie Collection 4 Pk,100mL 4 Pk,1,31.99,31.99,1/18/2016,100,1,0.1,8112,MOET HENNESSY USA INC      
1_HARDERSFIELD_1133,1,1133,Glenmorangie Collection 4 Pk,100mL 4 Pk,1,31.99,31.99,1/31/2016,100,1,0.1,8112,MOET HENNESSY USA INC      
1_HARDERSFIELD_1135,1,1135,Rebel Reserve Bourbon,750mL,1,20.99,20.99,1/2/2016,750,1,0.79,8352,LUXCO INC                  
1_HARDERSFIELD_1135,1,1135,Rebel Reserve Bourbon,750mL,1,20.99,20.99,1/3/2016,750,1,0.79,8352,LUXCO INC                  
1_HARDERSFIELD_1135,1,1135,Rebel Reserve Bourbon,750mL,1,20.99,20.99,1/5/2016,750,1,0.79,8352,LUXCO INC                  
1_HARDERSFIELD_1135,1,1135,Rebel Reserve Bourbon,750mL,1,20.99,20.99,1/10/2016,750,1,0.79,8352,LUXCO INC                  
1_HARDERSFIELD_1135,1,1135,Rebel Reserve Bourbon,750mL,1,20.99,20.99,1/12/2016,750,1,0.79,8352,LUXCO INC                  
1_HARDERSFIELD_1135,1,1135,Rebel Reserve Bourbon,750mL,1,20.99,20.99,1/13/2016,750,1,0.79,8352,LUXCO INC                  
1_HARDERSFIELD_1135,1,1135,Rebel Reserve Bourbon,750mL,1,20.99,20.99,1/15/2016,750,1,0.79,8352,LUXCO INC                  
1_HARDERSFIELD_1135,1,1135,Rebel Reserve Bourbon,750mL,1,20.99,20.99,1/16/2016,750,1,0.79,8352,LUXCO INC                  
1_HARDERSFIELD_1135,1,1135,Rebel Reserve Bourbon,750mL,1,20.99,20.99,1/17/2016,750,1,0.79,8352,LUXCO INC                  
1_HARDERSFIELD_1135,1,1135,Rebel Reserve Bourbon,750mL,1,20.99,20.99,1/23/2016,750,1,0.79,8352,LUXCO INC                  
1_HARDERSFIELD_1135,1,1135,Rebel Reserve Bourbon,750mL,1,20.99,20.99,1/27/2016,750,1,0.79,8352,LUXCO INC                  
1_HARDERSFIELD_1135,1,1135,Rebel Reserve Bourbon,750mL,1,20.99,20.99,1/29/2016,750,1,0.79,8352,LUXCO INC                  
1_HARDERSFIELD_11353,1,11353,Latour Meursault AC Blanc,750mL,1,62.99,62.99,1/22/2016,750,2,0.11,9552,M S WALKER INC             
1_HARDERSFIELD_11354,1,11354,Paso a Paso Tempranillo,750mL,1,9.99,9.99,1/3/2016,750,2,0.11,9552,M S WALKER INC             
1_HARDERSFIELD_11354,1,11354,Paso a Paso Tempranillo,750mL,1,9.99,9.99,1/7/2016,750,2,0.11,9552,M S WALKER INC             
1_HARDERSFIELD_11354,1,11354,Paso a Paso Tempranillo,750mL,1,9.99,9.99,1/10/2016,750,2,0.11,9552,M S WALKER INC             
1_HARDERSFIELD_11354,1,11354,Paso a Paso Tempranillo,750mL,1,9.99,9.99,1/13/2016,750,2,0.11,9552,M S WALKER INC             
1_HARDERSFIELD_11354,1,11354,Paso a Paso Tempranillo,750mL,2,19.98,9.99,1/15/2016,750,2,0.22,9552,M S WALKER INC             
1_HARDERSFIELD_11354,1,11354,Paso a Paso Tempranillo,750mL,3,29.97,9.99,1/17/2016,750,2,0.34,9552,M S WALKER INC             
1_HARDERSFIELD_11354,1,11354,Paso a Paso Tempranillo,750mL,1,9.99,9.99,1/20/2016,750,2,0.11,9552,M S WALKER INC             
1_HARDERSFIELD_11354,1,11354,Paso a Paso Tempranillo,750mL,3,29.97,9.99,1/23/2016,750,2,0.34,9552,M S WALKER INC             
1_HARDERSFIELD_11354,1,11354,Paso a Paso Tempranillo,750mL,4,39.96,9.99,1/29/2016,750,2,0.45,9552,M S WALKER INC             
1_HARDERSFIELD_11354,1,11354,Paso a Paso Tempranillo,750mL,2,19.98,9.99,1/30/2016,750,2,0.22,9552,M S WALKER INC             
1_HARDERSFIELD_11367,1,11367,Two Oceans WstrnCape Svgn Bl,750mL,1,8.99,8.99,1/3/2016,750,2,0.11,9165,ULTRA BEVERAGE COMPANY LLP 
1_HARDERSFIELD_11367,1,11367,Two Oceans WstrnCape Svgn Bl,750mL,1,9.99,9.99,1/6/2016,750,2,0.11,9165,ULTRA BEVERAGE COMPANY LLP 
1_HARDERSFIELD_11367,1,11367,Two Oceans WstrnCape Svgn Bl,750mL,1,9.99,9.99,1/15/2016,750,2,0.11,9165,ULTRA BEVERAGE COMPANY LLP 
1_HARDERSFIELD_11367,1,11367,Two Oceans WstrnCape Svgn Bl,750mL,1,9.99,9.99,1/24/2016,750,2,0.11,9165,ULTRA BEVERAGE COMPANY LLP 
1_HARDERSFIELD_11367,1,11367,Two Oceans WstrnCape Svgn Bl,750mL,2,19.98,9.99,1/28/2016,750,2,0.22,9165,ULTRA BEVERAGE COMPANY LLP 
1_HARDERSFIELD_11367,1,11367,Two Oceans WstrnCape Svgn Bl,750mL,4,39.96,9.99,1/30/2016,750,2,0.45,9165,ULTRA BEVERAGE COMPANY LLP 
1_HARDERSFIELD_11414,1,11414,Beringer Classic Moscato,750mL,1,6.99,6.99,1/15/2016,750,2,0.11,9819,TREASURY WINE ESTATES      
1_HARDERSFIELD_11414,1,11414,Beringer Classic Moscato,750mL,1,6.99,6.99,1/23/2016,750,2,0.11,9819,TREASURY WINE ESTATES      
1_HARDERSFIELD_11420,1,11420,Aresti Est Chardonnay,750mL,1,4.99,4.99,1/17/2016,750,2,0.11,90024,VINILANDIA USA             
1_HARDERSFIELD_11420,1,11420,Aresti Est Chardonnay,750mL,6,29.94,4.99,1/20/2016,750,2,0.68,90024,VINILANDIA USA             
1_HARDERSFIELD_11440,1,11440,Peter Vella Sangria B/B,5L,1,14.99,14.99,1/6/2016,5000,2,0.75,3252,E & J GALLO WINERY         
1_HARDERSFIELD_11440,1,11440,Peter Vella Sangria B/B,5L,1,14.99,14.99,1/9/2016,5000,2,0.75,3252,E & J GALLO WINERY         
1_HARDERSFIELD_11440,1,11440,Peter Vella Sangria B/B,5L,1,14.99,14.99,1/24/2016,5000,2,0.75,3252,E & J GALLO WINERY         
1_HARDERSFIELD_11440,1,11440,Peter Vella Sangria B/B,5L,1,14.99,14.99,1/26/2016,5000,2,0.75,3252,E & J GALLO WINERY         
1_HARDERSFIELD_11449,1,11449,Cambridge & Sunset Pnt Nr,750mL,1,13.99,13.99,1/12/2016,750,2,0.11,10754,PERFECTA WINES             
1_HARDERSFIELD_11456,1,11456,Burgess Cab Svgn Napa,750mL,1,35.99,35.99,1/2/2016,750,2,0.11,4425,MARTIGNETTI COMPANIES
1_HARDERSFIELD_11456,1,11456,Burgess Cab Svgn Napa,750mL,2,69.98,34.99,1/23/2016,750,2,0.22,4425,MARTIGNETTI COMPANIES
1_HARDERSFIELD_11480,1,11480,Candia Vyds Noiret Vault RSV,750mL,1,14.99,14.99,1/29/2016,750,2,0.11,90046,CANDIA VINEYARDS           
1_HARDERSFIELD_11488,1,11488,C K Mondavi Cab Svgn,1.5L,1,10.99,10.99,1/5/2016,1500,2,0.22,2000,SOUTHERN WINE & SPIRITS NE 
1_HARDERSFIELD_11488,1,11488,C K Mondavi Cab Svgn,1.5L,3,32.97,10.99,1/8/2016,1500,2,0.68,2000,SOUTHERN WINE & SPIRITS NE 
1_HARDERSFIELD_11488,1,11488,C K Mondavi Cab Svgn,1.5L,1,10.99,10.99,1/13/2016,1500,2,0.22,2000,SOUTHERN WINE & SPIRITS NE 
1_HARDERSFIELD_11488,1,11488,C K Mondavi Cab Svgn,1.5L,1,10.99,10.99,1/22/2016,1500,2,0.22,2000,SOUTHERN WINE & SPIRITS NE 
1_HARDERSFIELD_115,1,115,Belvedere Vodka,Liter,2,55.98,27.99,1/5/2016,1000,1,2.1,8112,MOET HENNESSY USA INC      
1_HARDERSFIELD_115,1,115,Belvedere Vodka,Liter,1,27.99,27.99,1/6/2016,1000,1,1.05,8112,MOET HENNESSY USA INC      
1_HARDERSFIELD_115,1,115,Belvedere Vodka,Liter,1,27.99,27.99,1/7/2016,1000,1,1.05,8112,MOET HENNESSY USA INC      
1_HARDERSFIELD_115,1,115,Belvedere Vodka,Liter,1,27.99,27.99,1/9/2016,1000,1,1.05,8112,MOET HENNESSY USA INC      
1_HARDERSFIELD_115,1,115,Belvedere Vodka,Liter,1,27.99,27.99,1/12/2016,1000,1,1.05,8112,MOET HENNESSY USA INC      
1_HARDERSFIELD_115,1,115,Belvedere Vodka,Liter,1,27.99,27.99,1/13/2016,1000,1,1.05,8112,MOET HENNESSY USA INC      
1_HARDERSFIELD_115,1,115,Belvedere Vodka,Liter,1,27.99,27.99,1/21/2016,1000,1,1.05,8112,MOET HENNESSY USA INC      
1_HARDERSFIELD_115,1,115,Belvedere Vodka,Liter,2,55.98,27.99,1/23/2016,1000,1,2.1,8112,MOET HENNESSY USA INC      
1_HARDERSFIELD_115,1,115,Belvedere Vodka,Liter,1,27.99,27.99,1/24/2016,1000,1,1.05,8112,MOET HENNESSY USA INC      
1_HARDERSFIELD_115,1,115,Belvedere Vodka,Liter,1,27.99,27.99,1/30/2016,1000,1,1.05,8112,MOET HENNESSY USA INC      
1_HARDERSFIELD_1168,1,1168,Old Grand Dad Bonded,750mL,4,79.96,19.99,1/7/2016,750,1,3.15,12546,JIM BEAM BRANDS COMPANY    
1_HARDERSFIELD_1168,1,1168,Old Grand Dad Bonded,750mL,1,19.99,19.99,1/17/2016,750,1,0.79,12546,JIM BEAM BRANDS COMPANY    
1_HARDERSFIELD_1168,1,1168,Old Grand Dad Bonded,750mL,2,39.98,19.99,1/22/2016,750,1,1.57,12546,JIM BEAM BRANDS COMPANY    
1_HARDERSFIELD_1168,1,1168,Old Grand Dad Bonded,750mL,1,19.99,19.99,1/23/2016,750,1,0.79,12546,JIM BEAM BRANDS COMPANY    
1_HARDERSFIELD_1168,1,1168,Old Grand Dad Bonded,750mL,1,19.99,19.99,1/24/2016,750,1,0.79,12546,JIM BEAM BRANDS COMPANY    
1_HARDERSFIELD_11698,1,11698,Lamberti Prosecco X Dry,750mL,2,23.98,11.99,1/4/2016,750,2,0.22,9744,FREDERICK WILDMAN & SONS   
1_HARDERSFIELD_11698,1,11698,Lamberti Prosecco X Dry,750mL,1,11.99,11.99,1/8/2016,750,2,0.11,9744,FREDERICK WILDMAN & SONS   
1_HARDERSFIELD_11698,1,11698,Lamberti Prosecco X Dry,750mL,1,11.99,11.99,1/9/2016,750,2,0.11,9744,FREDERICK WILDMAN & SONS   
1_HARDERSFIELD_11698,1,11698,Lamberti Prosecco X Dry,750mL,1,11.99,11.99,1/15/2016,750,2,0.11,9744,FREDERICK WILDMAN & SONS   
1_HARDERSFIELD_11698,1,11698,Lamberti Prosecco X Dry,750mL,1,11.99,11.99,1/21/2016,750,2,0.11,9744,FREDERICK WILDMAN & SONS   
1_HARDERSFIELD_11698,1,11698,Lamberti Prosecco X Dry,750mL,1,11.99,11.99,1/23/2016,750,2,0.11,9744,FREDERICK WILDMAN & SONS   
1_HARDERSFIELD_11698,1,11698,Lamberti Prosecco X Dry,750mL,2,23.98,11.99,1/24/2016,750,2,0.22,9744,FREDERICK WILDMAN & SONS   
1_HARDERSFIELD_11698,1,11698,Lamberti Prosecco X Dry,750mL,1,11.99,11.99,1/25/2016,750,2,0.11,9744,FREDERICK WILDMAN & SONS   
1_HARDERSFIELD_11698,1,11698,Lamberti Prosecco X Dry,750mL,1,11.99,11.99,1/26/2016,750,2,0.11,9744,FREDERICK WILDMAN & SONS   
1_HARDERSFIELD_11698,1,11698,Lamberti Prosecco X Dry,750mL,4,47.96,11.99,1/29/2016,750,2,0.45,9744,FREDERICK WILDMAN & SONS   
1_HARDERSFIELD_11698,1,11698,Lamberti Prosecco X Dry,750mL,3,35.97,11.99,1/30/2016,750,2,0.34,9744,FREDERICK WILDMAN & SONS   
1_HARDERSFIELD_11698,1,11698,Lamberti Prosecco X Dry,750mL,1,11.99,11.99,1/31/2016,750,2,0.11,9744,FREDERICK WILDMAN & SONS   
1_HARDERSFIELD_1174,1,1174,Rebel Yell,1.75L,2,43.98,21.99,1/9/2016,1750,1,3.67,8352,LUXCO INC                  
1_HARDERSFIELD_1174,1,1174,Rebel Yell,1.75L,1,21.99,21.99,1/15/2016,1750,1,1.84,8352,LUXCO INC                  
1_HARDERSFIELD_1174,1,1174,Rebel Yell,1.75L,2,43.98,21.99,1/29/2016,1750,1,3.67,8352,LUXCO INC                  
1_HARDERSFIELD_1174,1,1174,Rebel Yell,1.75L,3,65.97,21.99,1/30/2016,1750,1,5.51,8352,LUXCO INC                  
1_HARDERSFIELD_11771,1,11771,Palagetto Sottobosco Rosso,750mL,1,29.99,29.99,1/31/2016,750,2,0.11,7153,PINE STATE TRADING CO      
1_HARDERSFIELD_1178,1,1178,Evan Williams Black Label B,750mL,1,11.49,11.49,1/4/2016,750,1,0.79,3924,HEAVEN HILL DISTILLERIES   
1_HARDERSFIELD_1178,1,1178,Evan Williams Black Label B,750mL,1,11.49,11.49,1/5/2016,750,1,0.79,3924,HEAVEN HILL DISTILLERIES   
1_HARDERSFIELD_1178,1,1178,Evan Williams Black Label B,750mL,2,22.98,11.49,1/6/2016,750,1,1.57,3924,HEAVEN HILL DISTILLERIES   
1_HARDERSFIELD_1178,1,1178,Evan Williams Black Label B,750mL,1,11.49,11.49,1/7/2016,750,1,0.79,3924,HEAVEN HILL DISTILLERIES   
1_HARDERSFIELD_1178,1,1178,Evan Williams Black Label B,750mL,1,11.49,11.49,1/9/2016,750,1,0.79,3924,HEAVEN HILL DISTILLERIES   
1_HARDERSFIELD_1178,1,1178,Evan Williams Black Label B,750mL,1,11.49,11.49,1/13/2016,750,1,0.79,3924,HEAVEN HILL DISTILLERIES   
1_HARDERSFIELD_1178,1,1178,Evan Williams Black Label B,750mL,1,11.49,11.49,1/20/2016,750,1,0.79,3924,HEAVEN HILL DISTILLERIES   
1_HARDERSFIELD_1178,1,1178,Evan Williams Black Label B,750mL,1,11.49,11.49,1/23/2016,750,1,0.79,3924,HEAVEN HILL DISTILLERIES   
1_HARDERSFIELD_1178,1,1178,Evan Williams Black Label B,750mL,2,22.98,11.49,1/26/2016,750,1,1.57,3924,HEAVEN HILL DISTILLERIES   
1_HARDERSFIELD_1178,1,1178,Evan Williams Black Label B,750mL,1,11.49,11.49,1/27/2016,750,1,0.79,3924,HEAVEN HILL DISTILLERIES   
1_HARDERSFIELD_1178,1,1178,Evan Williams Black Label B,750mL,1,11.49,11.49,1/29/2016,750,1,0.79,3924,HEAVEN HILL DISTILLERIES   
1_HARDERSFIELD_1180,1,1180,Evan Williams Black Label B,1.75L,2,41.98,20.99,1/2/2016,1750,1,3.67,3924,HEAVEN HILL DISTILLERIES   
1_HARDERSFIELD_1180,1,1180,Evan Williams Black Label B,1.75L,1,17.99,17.99,1/5/2016,1750,1,1.84,3924,HEAVEN HILL DISTILLERIES   
1_HARDERSFIELD_1180,1,1180,Evan Williams Black Label B,1.75L,1,17.99,17.99,1/6/2016,1750,1,1.84,3924,HEAVEN HILL DISTILLERIES   
1_HARDERSFIELD_1180,1,1180,Evan Williams Black Label B,1.75L,2,35.98,17.99,1/7/2016,1750,1,3.67,3924,HEAVEN HILL DISTILLERIES   
1_HARDERSFIELD_1180,1,1180,Evan Williams Black Label B,1.75L,4,71.96,17.99,1/8/2016,1750,1,7.35,3924,HEAVEN HILL DISTILLERIES   
1_HARDERSFIELD_1180,1,1180,Evan Williams Black Label B,1.75L,1,17.99,17.99,1/9/2016,1750,1,1.84,3924,HEAVEN HILL DISTILLERIES   
1_HARDERSFIELD_1180,1,1180,Evan Williams Black Label B,1.75L,6,107.94,17.99,1/10/2016,1750,1,11.02,3924,HEAVEN HILL DISTILLERIES   
1_HARDERSFIELD_1180,1,1180,Evan Williams Black Label B,1.75L,1,17.99,17.99,1/11/2016,1750,1,1.84,3924,HEAVEN HILL DISTILLERIES   
1_HARDERSFIELD_1180,1,1180,Evan Williams Black Label B,1.75L,1,17.99,17.99,1/13/2016,1750,1,1.84,3924,HEAVEN HILL DISTILLERIES   
1_HARDERSFIELD_1180,1,1180,Evan Williams Black Label B,1.75L,4,71.96,17.99,1/15/2016,1750,1,7.35,3924,HEAVEN HILL DISTILLERIES   
1_HARDERSFIELD_1180,1,1180,Evan Williams Black Label B,1.75L,2,35.98,17.99,1/17/2016,1750,1,3.67,3924,HEAVEN HILL DISTILLERIES   
1_HARDERSFIELD_1180,1,1180,Evan Williams Black Label B,1.75L,2,35.98,17.99,1/20/2016,1750,1,3.67,3924,HEAVEN HILL DISTILLERIES   
1_HARDERSFIELD_1180,1,1180,Evan Williams Black Label B,1.75L,4,71.96,17.99,1/27/2016,1750,1,7.35,3924,HEAVEN HILL DISTILLERIES   
1_HARDERSFIELD_1180,1,1180,Evan Williams Black Label B,1.75L,1,17.99,17.99,1/28/2016,1750,1,1.84,3924,HEAVEN HILL DISTILLERIES   
1_HARDERSFIELD_1180,1,1180,Evan Williams Black Label B,1.75L,2,35.98,17.99,1/29/2016,1750,1,3.67,3924,HEAVEN HILL DISTILLERIES   
1_HARDERSFIELD_1180,1,1180,Evan Williams Black Label B,1.75L,1,17.99,17.99,1/30/2016,1750,1,1.84,3924,HEAVEN HILL DISTILLERIES   
1_HARDERSFIELD_1180,1,1180,Evan Williams Black Label B,1.75L,2,35.98,17.99,1/31/2016,1750,1,3.67,3924,HEAVEN HILL DISTILLERIES   
1_HARDERSFIELD_11825,1,11825,Cupcake Cab Svgn,750mL,1,8.49,8.49,1/4/2016,750,2,0.11,9815,WINE GROUP INC             
1_HARDERSFIELD_11825,1,11825,Cupcake Cab Svgn,750mL,12,101.88,8.49,1/5/2016,750,2,1.35,9815,WINE GROUP INC             
1_HARDERSFIELD_11825,1,11825,Cupcake Cab Svgn,750mL,4,33.96,8.49,1/7/2016,750,2,0.45,9815,WINE GROUP INC             
1_HARDERSFIELD_11825,1,11825,Cupcake Cab Svgn,750mL,3,25.47,8.49,1/10/2016,750,2,0.34,9815,WINE GROUP INC             
1_HARDERSFIELD_11825,1,11825,Cupcake Cab Svgn,750mL,4,33.96,8.49,1/11/2016,750,2,0.45,9815,WINE GROUP INC             
1_HARDERSFIELD_11825,1,11825,Cupcake Cab Svgn,750mL,1,8.49,8.49,1/13/2016,750,2,0.11,9815,WINE GROUP INC             
1_HARDERSFIELD_11825,1,11825,Cupcake Cab Svgn,750mL,1,8.49,8.49,1/15/2016,750,2,0.11,9815,WINE GROUP INC             
1_HARDERSFIELD_11825,1,11825,Cupcake Cab Svgn,750mL,1,8.49,8.49,1/17/2016,750,2,0.11,9815,WINE GROUP INC             
1_HARDERSFIELD_11825,1,11825,Cupcake Cab Svgn,750mL,1,8.49,8.49,1/19/2016,750,2,0.11,9815,WINE GROUP INC             
1_HARDERSFIELD_11825,1,11825,Cupcake Cab Svgn,750mL,2,16.98,8.49,1/21/2016,750,2,0.22,9815,WINE GROUP INC             
1_HARDERSFIELD_11825,1,11825,Cupcake Cab Svgn,750mL,5,42.45,8.49,1/23/2016,750,2,0.56,9815,WINE GROUP INC             
1_HARDERSFIELD_11825,1,11825,Cupcake Cab Svgn,750mL,2,16.98,8.49,1/24/2016,750,2,0.22,9815,WINE GROUP INC             
1_HARDERSFIELD_11825,1,11825,Cupcake Cab Svgn,750mL,1,8.49,8.49,1/27/2016,750,2,0.11,9815,WINE GROUP INC             
1_HARDERSFIELD_11825,1,11825,Cupcake Cab Svgn,750mL,4,33.96,8.49,1/28/2016,750,2,0.45,9815,WINE GROUP INC             
1_HARDERSFIELD_11826,1,11826,Cupcake Chard,750mL,1,7.49,7.49,1/2/2016,750,2,0.11,9815,WINE GROUP INC             
1_HARDERSFIELD_11826,1,11826,Cupcake Chard,750mL,5,37.45,7.49,1/3/2016,750,2,0.56,9815,WINE GROUP INC             
1_HARDERSFIELD_11826,1,11826,Cupcake Chard,750mL,12,101.88,8.49,1/5/2016,750,2,1.35,9815,WINE GROUP INC             
1_HARDERSFIELD_11826,1,11826,Cupcake Chard,750mL,2,16.98,8.49,1/6/2016,750,2,0.22,9815,WINE GROUP INC             
1_HARDERSFIELD_11826,1,11826,Cupcake Chard,750mL,2,16.98,8.49,1/9/2016,750,2,0.22,9815,WINE GROUP INC             
1_HARDERSFIELD_11826,1,11826,Cupcake Chard,750mL,1,8.49,8.49,1/10/2016,750,2,0.11,9815,WINE GROUP INC             
1_HARDERSFIELD_11826,1,11826,Cupcake Chard,750mL,4,33.96,8.49,1/14/2016,750,2,0.45,9815,WINE GROUP INC             
1_HARDERSFIELD_11826,1,11826,Cupcake Chard,750mL,3,25.47,8.49,1/15/2016,750,2,0.34,9815,WINE GROUP INC             
1_HARDERSFIELD_11826,1,11826,Cupcake Chard,750mL,1,8.49,8.49,1/17/2016,750,2,0.11,9815,WINE GROUP INC             
1_HARDERSFIELD_11826,1,11826,Cupcake Chard,750mL,1,8.49,8.49,1/20/2016,750,2,0.11,9815,WINE GROUP INC             
1_HARDERSFIELD_11826,1,11826,Cupcake Chard,750mL,1,8.49,8.49,1/21/2016,750,2,0.11,9815,WINE GROUP INC             
1_HARDERSFIELD_11826,1,11826,Cupcake Chard,750mL,3,25.47,8.49,1/23/2016,750,2,0.34,9815,WINE GROUP INC             
1_HARDERSFIELD_11826,1,11826,Cupcake Chard,750mL,1,8.49,8.49,1/26/2016,750,2,0.11,9815,WINE GROUP INC             
1_HARDERSFIELD_11826,1,11826,Cupcake Chard,750mL,5,42.45,8.49,1/28/2016,750,2,0.56,9815,WINE GROUP INC             
1_HARDERSFIELD_11827,1,11827,Cupcake Merlot,750mL,14,118.86,8.49,1/5/2016,750,2,1.57,9815,WINE GROUP INC             
1_HARDERSFIELD_11827,1,11827,Cupcake Merlot,750mL,2,16.98,8.49,1/10/2016,750,2,0.22,9815,WINE GROUP INC             
1_HARDERSFIELD_11827,1,11827,Cupcake Merlot,750mL,2,16.98,8.49,1/13/2016,750,2,0.22,9815,WINE GROUP INC             
1_HARDERSFIELD_11827,1,11827,Cupcake Merlot,750mL,1,8.49,8.49,1/19/2016,750,2,0.11,9815,WINE GROUP INC             
1_HARDERSFIELD_11827,1,11827,Cupcake Merlot,750mL,3,25.47,8.49,1/22/2016,750,2,0.34,9815,WINE GROUP INC             
1_HARDERSFIELD_11827,1,11827,Cupcake Merlot,750mL,2,16.98,8.49,1/23/2016,750,2,0.22,9815,WINE GROUP INC             
1_HARDERSFIELD_11827,1,11827,Cupcake Merlot,750mL,2,16.98,8.49,1/25/2016,750,2,0.22,9815,WINE GROUP INC             
1_HARDERSFIELD_11828,1,11828,Cupcake Svgn Bl,750mL,1,7.49,7.49,1/3/2016,750,2,0.11,9815,WINE GROUP INC             
1_HARDERSFIELD_11828,1,11828,Cupcake Svgn Bl,750mL,3,25.47,8.49,1/6/2016,750,2,0.34,9815,WINE GROUP INC             
1_HARDERSFIELD_11828,1,11828,Cupcake Svgn Bl,750mL,1,8.49,8.49,1/7/2016,750,2,0.11,9815,WINE GROUP INC             
1_HARDERSFIELD_11828,1,11828,Cupcake Svgn Bl,750mL,6,50.94,8.49,1/9/2016,750,2,0.68,9815,WINE GROUP INC             
1_HARDERSFIELD_11828,1,11828,Cupcake Svgn Bl,750mL,3,25.47,8.49,1/12/2016,750,2,0.34,9815,WINE GROUP INC             
1_HARDERSFIELD_11828,1,11828,Cupcake Svgn Bl,750mL,4,33.96,8.49,1/13/2016,750,2,0.45,9815,WINE GROUP INC             
1_HARDERSFIELD_11828,1,11828,Cupcake Svgn Bl,750mL,1,8.49,8.49,1/15/2016,750,2,0.11,9815,WINE GROUP INC             
1_HARDERSFIELD_11828,1,11828,Cupcake Svgn Bl,750mL,1,8.49,8.49,1/20/2016,750,2,0.11,9815,WINE GROUP INC             
1_HARDERSFIELD_11828,1,11828,Cupcake Svgn Bl,750mL,7,59.43,8.49,1/23/2016,750,2,0.79,9815,WINE GROUP INC             
1_HARDERSFIELD_11828,1,11828,Cupcake Svgn Bl,750mL,2,16.98,8.49,1/24/2016,750,2,0.22,9815,WINE GROUP INC             
1_HARDERSFIELD_11828,1,11828,Cupcake Svgn Bl,750mL,2,16.98,8.49,1/28/2016,750,2,0.22,9815,WINE GROUP INC             
1_HARDERSFIELD_11828,1,11828,Cupcake Svgn Bl,750mL,2,16.98,8.49,1/30/2016,750,2,0.22,9815,WINE GROUP INC             
1_HARDERSFIELD_1186,1,1186,Evan Williams Single Barrel,750mL,1,27.99,27.99,1/18/2016,750,1,0.79,3924,HEAVEN HILL DISTILLERIES   
1_HARDERSFIELD_11888,1,11888,Penfolds Koonunga Hills Shir,750mL,1,10.99,10.99,1/1/2016,750,2,0.11,4425,MARTIGNETTI COMPANIES
1_HARDERSFIELD_11888,1,11888,Penfolds Koonunga Hills Shir,750mL,1,10.99,10.99,1/2/2016,750,2,0.11,4425,MARTIGNETTI COMPANIES
1_HARDERSFIELD_11888,1,11888,Penfolds Koonunga Hills Shir,750mL,1,10.99,10.99,1/9/2016,750,2,0.11,4425,MARTIGNETTI COMPANIES
1_HARDERSFIELD_11888,1,11888,Penfolds Koonunga Hills Shir,750mL,1,10.99,10.99,1/13/2016,750,2,0.11,4425,MARTIGNETTI COMPANIES
1_HARDERSFIELD_11888,1,11888,Penfolds Koonunga Hills Shir,750mL,2,21.98,10.99,1/15/2016,750,2,0.22,4425,MARTIGNETTI COMPANIES
